{
  "id": "3978683",
  "name": "音乐播放器",
  "font_family": "iconfont",
  "css_prefix_text": "icon-",
  "description": "",
  "glyphs": [
    {
      "icon_id": "77828",
      "name": "收藏",
      "font_class": "shoucang",
      "unicode": "e600",
      "unicode_decimal": 58880
    },
    {
      "icon_id": "136387",
      "name": "下载",
      "font_class": "xiazai",
      "unicode": "e601",
      "unicode_decimal": 58881
    },
    {
      "icon_id": "201560",
      "name": "喇叭",
      "font_class": "laba",
      "unicode": "e602",
      "unicode_decimal": 58882
    },
    {
      "icon_id": "1110448",
      "name": "下一首",
      "font_class": "xiayishou",
      "unicode": "e62c",
      "unicode_decimal": 58924
    },
    {
      "icon_id": "1305401",
      "name": "历史",
      "font_class": "lishi",
      "unicode": "e63b",
      "unicode_decimal": 58939
    },
    {
      "icon_id": "2076187",
      "name": " 收藏2",
      "font_class": "shoucang1",
      "unicode": "e86d",
      "unicode_decimal": 59501
    },
    {
      "icon_id": "2076214",
      "name": "暂停",
      "font_class": "zanting",
      "unicode": "e87a",
      "unicode_decimal": 59514
    },
    {
      "icon_id": "2076218",
      "name": "播放2",
      "font_class": "bofang",
      "unicode": "e87c",
      "unicode_decimal": 59516
    },
    {
      "icon_id": "2674474",
      "name": "播放",
      "font_class": "bofang1",
      "unicode": "e624",
      "unicode_decimal": 58916
    },
    {
      "icon_id": "2675116",
      "name": "搜索",
      "font_class": "sousuo",
      "unicode": "e632",
      "unicode_decimal": 58930
    },
    {
      "icon_id": "2815724",
      "name": "视频播放",
      "font_class": "shipinbofang",
      "unicode": "e603",
      "unicode_decimal": 58883
    },
    {
      "icon_id": "3456452",
      "name": "购物车",
      "font_class": "gouwuche",
      "unicode": "e70b",
      "unicode_decimal": 59147
    },
    {
      "icon_id": "6582338",
      "name": "音乐",
      "font_class": "yinle",
      "unicode": "e634",
      "unicode_decimal": 58932
    },
    {
      "icon_id": "6775644",
      "name": "爱心",
      "font_class": "aixin",
      "unicode": "eca1",
      "unicode_decimal": 60577
    },
    {
      "icon_id": "7592579",
      "name": "24gf-headphones",
      "font_class": "24gf-headphones",
      "unicode": "ea10",
      "unicode_decimal": 59920
    },
    {
      "icon_id": "8341784",
      "name": "上一首",
      "font_class": "shangyishou",
      "unicode": "e63c",
      "unicode_decimal": 58940
    },
    {
      "icon_id": "11391497",
      "name": "电台",
      "font_class": "diantai",
      "unicode": "e636",
      "unicode_decimal": 58934
    },
    {
      "icon_id": "20784219",
      "name": "音符03",
      "font_class": "yinfu03",
      "unicode": "e6bd",
      "unicode_decimal": 59069
    },
    {
      "icon_id": "23528427",
      "name": "本地",
      "font_class": "bendi",
      "unicode": "e604",
      "unicode_decimal": 58884
    },
    {
      "icon_id": "26525864",
      "name": "下一首",
      "font_class": "next-fill",
      "unicode": "e6bb",
      "unicode_decimal": 59067
    }
  ]
}
